[
  {
    "ProductID": "1",
    "Product": "Running Shoes",
    "ProductCategory": "Footwear",
    "Price": "85",
    "Description": "Lightweight running shoes for trails.",
    "AlsoBought1": "Water Bottle",
    "AlsoBought2": "Headlamp",
    "AlsoBought3": ""
  },
  {
    "ProductID": "2",
    "Product": "Hiking Backpack",
    "ProductCategory": "Outdoor",
    "Price": "120",
    "Description": "Durable backpack with 30L capacity.",
    "AlsoBought1": "Water Bottle",
    "AlsoBought2": "Tent",
    "AlsoBought3": ""
  },
  {
    "ProductID": "3",
    "Product": "Tent",
    "ProductCategory": "Outdoor",
    "Price": "230",
    "Description": "4-person tent",
    "AlsoBought1": " all-season.",
    "AlsoBought2": "Sleeping Bag",
    "AlsoBought3": "Lantern"
  },
  {
    "ProductID": "4",
    "Product": "Water Bottle",
    "ProductCategory": "Accessories",
    "Price": "20",
    "Description": "Insulated bottle",
    "AlsoBought1": " 1L capacity.",
    "AlsoBought2": "Running Shoes",
    "AlsoBought3": "Headlamp"
  },
  {
    "ProductID": "5",
    "Product": "Headlamp",
    "ProductCategory": "Accessories",
    "Price": "35",
    "Description": "LED headlamp",
    "AlsoBought1": " 3 brightness levels.",
    "AlsoBought2": "Running Shoes",
    "AlsoBought3": "Hiking Backpack"
  },
  {
    "ProductID": "6",
    "Product": "Lantern",
    "ProductCategory": "Outdoor",
    "Price": "60",
    "Description": "Battery-powered camping lantern.",
    "AlsoBought1": "Tent",
    "AlsoBought2": "Sleeping Bag",
    "AlsoBought3": ""
  },
  {
    "ProductID": "7",
    "Product": "Sleeping Bag",
    "ProductCategory": "Outdoor",
    "Price": "75",
    "Description": "Warm sleeping bag for camping.",
    "AlsoBought1": "Tent",
    "AlsoBought2": "Lantern",
    "AlsoBought3": ""
  },
  {
    "ProductID": "8",
    "Product": "Tech T-Shirt",
    "ProductCategory": "Clothing",
    "Price": "50",
    "Description": "Comfortable t-shirt with tech design.",
    "AlsoBought1": "Azure Socks",
    "AlsoBought2": "Microsoft Hoodie",
    "AlsoBought3": ""
  },
  {
    "ProductID": "9",
    "Product": "Microsoft Hoodie",
    "ProductCategory": "Clothing",
    "Price": "40",
    "Description": "Cozy hoodie with Microsoft logo.",
    "AlsoBought1": "Azure Socks",
    "AlsoBought2": "Tech T-Shirt",
    "AlsoBought3": ""
  },
  {
    "ProductID": "10",
    "Product": "Azure Socks",
    "ProductCategory": "Clothing",
    "Price": "100",
    "Description": "Stylish socks with Azure branding.",
    "AlsoBought1": "Tech T-Shirt",
    "AlsoBought2": "Microsoft Hoodie",
    "AlsoBought3": ""
  },
  {
    "ProductID": "11",
    "Product": "Xbox Series X",
    "ProductCategory": "Electronics",
    "Price": "220",
    "Description": "Next-gen gaming console.",
    "AlsoBought1": "Surface Pro",
    "AlsoBought2": "Microsoft Mouse",
    "AlsoBought3": ""
  },
  {
    "ProductID": "12",
    "Product": "Surface Pro",
    "ProductCategory": "Electronics",
    "Price": "300",
    "Description": "2-in-1 tablet and laptop.",
    "AlsoBought1": "Microsoft Mouse",
    "AlsoBought2": "Laptop Bag",
    "AlsoBought3": ""
  },
  {
    "ProductID": "13",
    "Product": "Microsoft Mouse",
    "ProductCategory": "Electronics",
    "Price": "100",
    "Description": "Wireless ergonomic mouse.",
    "AlsoBought1": "USB-C Hub",
    "AlsoBought2": "Surface Pro",
    "AlsoBought3": ""
  },
  {
    "ProductID": "14",
    "Product": "Laptop Bag",
    "ProductCategory": "Accessories",
    "Price": "150",
    "Description": "Protective bag for laptops.",
    "AlsoBought1": "Wireless Charger",
    "AlsoBought2": "USB-C Hub",
    "AlsoBought3": ""
  },
  {
    "ProductID": "15",
    "Product": "Wireless Charger",
    "ProductCategory": "Accessories",
    "Price": "100",
    "Description": "Fast wireless charging pad.",
    "AlsoBought1": "Laptop Bag",
    "AlsoBought2": "USB-C Hub",
    "AlsoBought3": ""
  },
  {
    "ProductID": "16",
    "Product": "USB-C Hub",
    "ProductCategory": "Accessories",
    "Price": "200",
    "Description": "Multi-port USB-C hub for connectivity.",
    "AlsoBought1": "Wireless Charger",
    "AlsoBought2": "Laptop Bag",
    "AlsoBought3": ""
  },
  {
    "ProductID": "17",
    "Product": "Windows 11 Pro",
    "ProductCategory": "Software",
    "Price": "300",
    "Description": "Latest Windows 11 Pro operating system.",
    "AlsoBought1": "Office 365",
    "AlsoBought2": "Visual Studio",
    "AlsoBought3": ""
  },
  {
    "ProductID": "18",
    "Product": "Visual Studio",
    "ProductCategory": "Software",
    "Price": "400",
    "Description": "Integrated development environment software.",
    "AlsoBought1": "Windows 11 Pro",
    "AlsoBought2": "Office 365",
    "AlsoBought3": ""
  },
  {
    "ProductID": "19",
    "Product": "Office 365",
    "ProductCategory": "Software",
    "Price": "100",
    "Description": "Subscription to Microsoft Office apps.",
    "AlsoBought1": "Windows 11 Pro",
    "AlsoBought2": "Visual Studio",
    "AlsoBought3": ""
  },
  {
    "ProductID": "20",
    "Product": "Azure Fundamentals",
    "ProductCategory": "Books",
    "Price": "100",
    "Description": "Guide to Azure fundamentals.",
    "AlsoBought1": "Power BI Guide",
    "AlsoBought2": "Microsoft 365 Handbook",
    "AlsoBought3": ""
  },
  {
    "ProductID": "21",
    "Product": "Power BI Guide",
    "ProductCategory": "Books",
    "Price": "50",
    "Description": "Comprehensive Power BI guide.",
    "AlsoBought1": "Azure Fundamentals",
    "AlsoBought2": "Microsoft 365 Handbook",
    "AlsoBought3": ""
  },
  {
    "ProductID": "22",
    "Product": "Microsoft 365 Handbook",
    "ProductCategory": "Books",
    "Price": "150",
    "Description": "Handbook for Microsoft 365.",
    "AlsoBought1": "Azure Fundamentals",
    "AlsoBought2": "Power BI Guide",
    "AlsoBought3": ""
  },
  {
    "ProductID": "23",
    "Product": "Graphics Card",
    "ProductCategory": "Hardware",
    "Price": "250",
    "Description": "High-performance graphics card.",
    "AlsoBought1": "SSD Drive",
    "AlsoBought2": "Router",
    "AlsoBought3": ""
  },
  {
    "ProductID": "24",
    "Product": "SSD Drive",
    "ProductCategory": "Hardware",
    "Price": "180",
    "Description": "Solid state drive for fast storage.",
    "AlsoBought1": "Graphics Card",
    "AlsoBought2": "USB-C Hub",
    "AlsoBought3": ""
  },
  {
    "ProductID": "25",
    "Product": "Router",
    "ProductCategory": "Hardware",
    "Price": "175",
    "Description": "High-speed wireless router.",
    "AlsoBought1": "Graphics Card",
    "AlsoBought2": "SSD Drive",
    "AlsoBought3": ""
  },
  {
    "ProductID": "26",
    "Product": "Tech Cap",
    "ProductCategory": "Clothing",
    "Price": "20",
    "Description": "Adjustable cap with tech logo.",
    "AlsoBought1": "Tech T-Shirt",
    "AlsoBought2": "Microsoft Hoodie",
    "AlsoBought3": ""
  },
  {
    "ProductID": "27",
    "Product": "Tech Jacket",
    "ProductCategory": "Clothing",
    "Price": "60",
    "Description": "Water-resistant tech jacket.",
    "AlsoBought1": "Tech T-Shirt",
    "AlsoBought2": "Azure Socks",
    "AlsoBought3": ""
  },
  {
    "ProductID": "28",
    "Product": "Keyboard",
    "ProductCategory": "Hardware",
    "Price": "50",
    "Description": "Mechanical keyboard with backlight.",
    "AlsoBought1": "Microsoft Mouse",
    "AlsoBought2": "Mouse Pad",
    "AlsoBought3": ""
  },
  {
    "ProductID": "29",
    "Product": "Monitor",
    "ProductCategory": "Electronics",
    "Price": "200",
    "Description": "24-inch 1080p monitor display.",
    "AlsoBought1": "Monitor Stand",
    "AlsoBought2": "HDMI Cable",
    "AlsoBought3": ""
  },
  {
    "ProductID": "30",
    "Product": "Webcam",
    "ProductCategory": "Electronics",
    "Price": "80",
    "Description": "HD USB webcam for video calls.",
    "AlsoBought1": "Monitor",
    "AlsoBought2": "Microphone",
    "AlsoBought3": ""
  },
  {
    "ProductID": "31",
    "Product": "VR Headset",
    "ProductCategory": "Electronics",
    "Price": "300",
    "Description": "Virtual reality gaming headset.",
    "AlsoBought1": "Gaming Controller",
    "AlsoBought2": "Gaming Headset",
    "AlsoBought3": ""
  },
  {
    "ProductID": "32",
    "Product": "Smartphone",
    "ProductCategory": "Electronics",
    "Price": "700",
    "Description": "Latest model smartphone.",
    "AlsoBought1": "Smartwatch",
    "AlsoBought2": "Bluetooth Speaker",
    "AlsoBought3": ""
  },
  {
    "ProductID": "33",
    "Product": "Smartwatch",
    "ProductCategory": "Electronics",
    "Price": "250",
    "Description": "Wearable smart watch with fitness tracking.",
    "AlsoBought1": "Smartphone",
    "AlsoBought2": "Wireless Charger",
    "AlsoBought3": ""
  },
  {
    "ProductID": "34",
    "Product": "Drone",
    "ProductCategory": "Electronics",
    "Price": "500",
    "Description": "Quadcopter drone with HD camera.",
    "AlsoBought1": "Camera",
    "AlsoBought2": "Memory Card",
    "AlsoBought3": ""
  },
  {
    "ProductID": "35",
    "Product": "Projector",
    "ProductCategory": "Electronics",
    "Price": "400",
    "Description": "HD home theater projector.",
    "AlsoBought1": "Bluetooth Speaker",
    "AlsoBought2": "HDMI Cable",
    "AlsoBought3": ""
  },
  {
    "ProductID": "36",
    "Product": "External Hard Drive",
    "ProductCategory": "Accessories",
    "Price": "100",
    "Description": "Portable external hard drive",
    "AlsoBought1": " 1TB.",
    "AlsoBought2": "USB-C Hub",
    "AlsoBought3": "Laptop Bag"
  },
  {
    "ProductID": "37",
    "Product": "HDMI Cable",
    "ProductCategory": "Accessories",
    "Price": "15",
    "Description": "High-speed HDMI cable",
    "AlsoBought1": " 2m.",
    "AlsoBought2": "Monitor",
    "AlsoBought3": "Projector"
  },
  {
    "ProductID": "38",
    "Product": "Mouse Pad",
    "ProductCategory": "Accessories",
    "Price": "10",
    "Description": "Ergonomic mouse pad with wrist rest.",
    "AlsoBought1": "Keyboard",
    "AlsoBought2": "Microsoft Mouse",
    "AlsoBought3": ""
  },
  {
    "ProductID": "39",
    "Product": "Headphones",
    "ProductCategory": "Accessories",
    "Price": "80",
    "Description": "Noise-cancelling headphones.",
    "AlsoBought1": "Microphone",
    "AlsoBought2": "Webcam",
    "AlsoBought3": ""
  },
  {
    "ProductID": "40",
    "Product": "Surge Protector",
    "ProductCategory": "Accessories",
    "Price": "25",
    "Description": "Multi-outlet surge protector.",
    "AlsoBought1": "Router",
    "AlsoBought2": "Monitor",
    "AlsoBought3": ""
  },
  {
    "ProductID": "41",
    "Product": "SQL Server",
    "ProductCategory": "Software",
    "Price": "1000",
    "Description": "Enterprise database server software.",
    "AlsoBought1": "Windows Server",
    "AlsoBought2": "Visual Studio",
    "AlsoBought3": ""
  },
  {
    "ProductID": "42",
    "Product": "Azure DevOps",
    "ProductCategory": "Software",
    "Price": "50",
    "Description": "Cloud DevOps service subscription.",
    "AlsoBought1": "Office 365",
    "AlsoBought2": "GitHub Enterprise",
    "AlsoBought3": ""
  },
  {
    "ProductID": "43",
    "Product": "GitHub Enterprise",
    "ProductCategory": "Software",
    "Price": "250",
    "Description": "Enterprise source code hosting service.",
    "AlsoBought1": "Azure DevOps",
    "AlsoBought2": "Visual Studio",
    "AlsoBought3": ""
  },
  {
    "ProductID": "44",
    "Product": "Adobe Photoshop",
    "ProductCategory": "Software",
    "Price": "300",
    "Description": "Professional image editing software.",
    "AlsoBought1": "Surface Book",
    "AlsoBought2": "Visual Studio",
    "AlsoBought3": ""
  },
  {
    "ProductID": "45",
    "Product": "Antivirus Software",
    "ProductCategory": "Software",
    "Price": "60",
    "Description": "PC antivirus security suite.",
    "AlsoBought1": "Windows 11 Pro",
    "AlsoBought2": "Office 365",
    "AlsoBought3": ""
  },
  {
    "ProductID": "46",
    "Product": "Windows Server",
    "ProductCategory": "Software",
    "Price": "700",
    "Description": "Server operating system for businesses.",
    "AlsoBought1": "SQL Server",
    "AlsoBought2": "Visual Studio",
    "AlsoBought3": ""
  },
  {
    "ProductID": "47",
    "Product": "MS Project",
    "ProductCategory": "Software",
    "Price": "600",
    "Description": "Project management software.",
    "AlsoBought1": "Office 365",
    "AlsoBought2": "Windows 11 Pro",
    "AlsoBought3": ""
  },
  {
    "ProductID": "48",
    "Product": "C# Programming Book",
    "ProductCategory": "Books",
    "Price": "45",
    "Description": "Guide to C# programming language.",
    "AlsoBought1": "JavaScript Guide",
    "AlsoBought2": "Python Handbook",
    "AlsoBought3": ""
  },
  {
    "ProductID": "49",
    "Product": "Azure Architecture",
    "ProductCategory": "Books",
    "Price": "55",
    "Description": "Guide to Azure cloud architecture.",
    "AlsoBought1": "Azure Fundamentals",
    "AlsoBought2": "Cloud Security Basics",
    "AlsoBought3": ""
  },
  {
    "ProductID": "50",
    "Product": "Data Science Handbook",
    "ProductCategory": "Books",
    "Price": "65",
    "Description": "Handbook on data science techniques.",
    "AlsoBought1": "Machine Learning Guide",
    "AlsoBought2": "AI Fundamentals",
    "AlsoBought3": ""
  },
  {
    "ProductID": "51",
    "Product": "Machine Learning Guide",
    "ProductCategory": "Books",
    "Price": "70",
    "Description": "Introduction to machine learning concepts.",
    "AlsoBought1": "Data Science Handbook",
    "AlsoBought2": "AI Fundamentals",
    "AlsoBought3": ""
  },
  {
    "ProductID": "52",
    "Product": "Cloud Security Basics",
    "ProductCategory": "Books",
    "Price": "50",
    "Description": "Basics of cloud security practices.",
    "AlsoBought1": "Azure Fundamentals",
    "AlsoBought2": "Azure Architecture",
    "AlsoBought3": ""
  },
  {
    "ProductID": "53",
    "Product": "DevOps for Dummies",
    "ProductCategory": "Books",
    "Price": "40",
    "Description": "Beginner's guide to DevOps.",
    "AlsoBought1": "Azure DevOps",
    "AlsoBought2": "GitHub Enterprise",
    "AlsoBought3": ""
  },
  {
    "ProductID": "54",
    "Product": "AI Fundamentals",
    "ProductCategory": "Books",
    "Price": "60",
    "Description": "Fundamentals of artificial intelligence.",
    "AlsoBought1": "Machine Learning Guide",
    "AlsoBought2": "Data Science Handbook",
    "AlsoBought3": ""
  },
  {
    "ProductID": "55",
    "Product": "JavaScript Guide",
    "ProductCategory": "Books",
    "Price": "35",
    "Description": "Comprehensive JavaScript programming guide.",
    "AlsoBought1": "C# Programming Book",
    "AlsoBought2": "Python Handbook",
    "AlsoBought3": ""
  },
  {
    "ProductID": "56",
    "Product": "Python Handbook",
    "ProductCategory": "Books",
    "Price": "50",
    "Description": "Handbook for Python programming.",
    "AlsoBought1": "Data Science Handbook",
    "AlsoBought2": "JavaScript Guide",
    "AlsoBought3": ""
  },
  {
    "ProductID": "57",
    "Product": "Networking Basics",
    "ProductCategory": "Books",
    "Price": "45",
    "Description": "Basics of computer networking.",
    "AlsoBought1": "Azure Fundamentals",
    "AlsoBought2": "Cloud Security Basics",
    "AlsoBought3": ""
  },
  {
    "ProductID": "58",
    "Product": "Trail Shoes",
    "ProductCategory": "Footwear",
    "Price": "90",
    "Description": "Durable trail running shoes for outdoors.",
    "AlsoBought1": "Water Bottle",
    "AlsoBought2": "Headlamp",
    "AlsoBought3": ""
  },
  {
    "ProductID": "59",
    "Product": "Camping Stove",
    "ProductCategory": "Outdoor",
    "Price": "110",
    "Description": "Portable camping stove for cooking.",
    "AlsoBought1": "Camping Cookware",
    "AlsoBought2": "Water Bottle",
    "AlsoBought3": ""
  },
  {
    "ProductID": "60",
    "Product": "Hiking Poles",
    "ProductCategory": "Outdoor",
    "Price": "60",
    "Description": "Lightweight trekking poles for hiking.",
    "AlsoBought1": "Tent",
    "AlsoBought2": "Trail Shoes",
    "AlsoBought3": ""
  },
  {
    "ProductID": "61",
    "Product": "Camp Chair",
    "ProductCategory": "Outdoor",
    "Price": "40",
    "Description": "Foldable camping chair.",
    "AlsoBought1": "Lantern",
    "AlsoBought2": "Tent",
    "AlsoBought3": ""
  },
  {
    "ProductID": "62",
    "Product": "GPS Watch",
    "ProductCategory": "Outdoor",
    "Price": "200",
    "Description": "GPS watch for navigation and fitness.",
    "AlsoBought1": "Trail Shoes",
    "AlsoBought2": "Headlamp",
    "AlsoBought3": ""
  },
  {
    "ProductID": "63",
    "Product": "Hammock",
    "ProductCategory": "Outdoor",
    "Price": "50",
    "Description": "Lightweight camping hammock.",
    "AlsoBought1": "Sleeping Bag",
    "AlsoBought2": "Lantern",
    "AlsoBought3": ""
  },
  {
    "ProductID": "64",
    "Product": "Binoculars",
    "ProductCategory": "Outdoor",
    "Price": "150",
    "Description": "High-resolution binoculars for outdoors.",
    "AlsoBought1": "Lantern",
    "AlsoBought2": "Trail Shoes",
    "AlsoBought3": ""
  },
  {
    "ProductID": "65",
    "Product": "Tent (2-person)",
    "ProductCategory": "Outdoor",
    "Price": "180",
    "Description": "Compact 2-person camping tent.",
    "AlsoBought1": "Sleeping Bag",
    "AlsoBought2": "Camp Chair",
    "AlsoBought3": ""
  },
  {
    "ProductID": "66",
    "Product": "Camping Cookware",
    "ProductCategory": "Outdoor",
    "Price": "80",
    "Description": "Set of pots and pans for camping.",
    "AlsoBought1": "Camping Stove",
    "AlsoBought2": "Water Bottle",
    "AlsoBought3": ""
  },
  {
    "ProductID": "67",
    "Product": "Trail Jacket",
    "ProductCategory": "Outdoor",
    "Price": "120",
    "Description": "Insulated jacket for hiking.",
    "AlsoBought1": "Hiking Backpack",
    "AlsoBought2": "Trail Shoes",
    "AlsoBought3": ""
  },
  {
    "ProductID": "68",
    "Product": "Solar Charger",
    "ProductCategory": "Outdoor",
    "Price": "70",
    "Description": "Portable solar panel charger.",
    "AlsoBought1": "Camping Stove",
    "AlsoBought2": "Lantern",
    "AlsoBought3": ""
  },
  {
    "ProductID": "69",
    "Product": "Water Filter",
    "ProductCategory": "Outdoor",
    "Price": "30",
    "Description": "Water purification filter for camping.",
    "AlsoBought1": "Water Bottle",
    "AlsoBought2": "Camping Cookware",
    "AlsoBought3": ""
  },
  {
    "ProductID": "70",
    "Product": "Gaming Controller",
    "ProductCategory": "Electronics",
    "Price": "60",
    "Description": "Wireless gaming console controller.",
    "AlsoBought1": "Xbox Series X",
    "AlsoBought2": "Gaming Headset",
    "AlsoBought3": ""
  },
  {
    "ProductID": "71",
    "Product": "Gaming Headset",
    "ProductCategory": "Electronics",
    "Price": "100",
    "Description": "Surround-sound gaming headset.",
    "AlsoBought1": "Gaming Controller",
    "AlsoBought2": "VR Headset",
    "AlsoBought3": ""
  },
  {
    "ProductID": "72",
    "Product": "Wi-Fi Extender",
    "ProductCategory": "Hardware",
    "Price": "45",
    "Description": "Wireless range extender for Wi-Fi.",
    "AlsoBought1": "Router",
    "AlsoBought2": "Ethernet Cable",
    "AlsoBought3": ""
  },
  {
    "ProductID": "73",
    "Product": "Memory Card",
    "ProductCategory": "Accessories",
    "Price": "20",
    "Description": "32GB high-speed memory card.",
    "AlsoBought1": "Camera",
    "AlsoBought2": "USB-C Hub",
    "AlsoBought3": ""
  },
  {
    "ProductID": "74",
    "Product": "Camera",
    "ProductCategory": "Electronics",
    "Price": "350",
    "Description": "Digital DSLR camera with lens.",
    "AlsoBought1": "Tripod",
    "AlsoBought2": "Memory Card",
    "AlsoBought3": ""
  },
  {
    "ProductID": "75",
    "Product": "Tripod",
    "ProductCategory": "Accessories",
    "Price": "80",
    "Description": "Tripod stand for cameras.",
    "AlsoBought1": "Camera",
    "AlsoBought2": "Binoculars",
    "AlsoBought3": ""
  },
  {
    "ProductID": "76",
    "Product": "Microphone",
    "ProductCategory": "Electronics",
    "Price": "120",
    "Description": "USB microphone for recording and streaming.",
    "AlsoBought1": "Webcam",
    "AlsoBought2": "Headphones",
    "AlsoBought3": ""
  },
  {
    "ProductID": "77",
    "Product": "Smart Thermostat",
    "ProductCategory": "Electronics",
    "Price": "200",
    "Description": "Wi-Fi enabled smart thermostat.",
    "AlsoBought1": "Router",
    "AlsoBought2": "Smartphone",
    "AlsoBought3": ""
  },
  {
    "ProductID": "78",
    "Product": "3D Printer",
    "ProductCategory": "Electronics",
    "Price": "800",
    "Description": "Desktop 3D printer for home use.",
    "AlsoBought1": "USB-C Hub",
    "AlsoBought2": "VR Headset",
    "AlsoBought3": ""
  },
  {
    "ProductID": "79",
    "Product": "USB Cable",
    "ProductCategory": "Accessories",
    "Price": "10",
    "Description": "USB 3.0 cable",
    "AlsoBought1": " 1m length.",
    "AlsoBought2": "External Hard Drive",
    "AlsoBought3": "USB-C Hub"
  },
  {
    "ProductID": "80",
    "Product": "Ethernet Cable",
    "ProductCategory": "Accessories",
    "Price": "8",
    "Description": "Cat6 ethernet cable",
    "AlsoBought1": " 2m length.",
    "AlsoBought2": "Router",
    "AlsoBought3": "Wi-Fi Extender"
  },
  {
    "ProductID": "81",
    "Product": "Monitor Stand",
    "ProductCategory": "Accessories",
    "Price": "30",
    "Description": "Adjustable stand for monitors.",
    "AlsoBought1": "Monitor",
    "AlsoBought2": "Desk Lamp",
    "AlsoBought3": ""
  },
  {
    "ProductID": "82",
    "Product": "Desk Lamp",
    "ProductCategory": "Accessories",
    "Price": "25",
    "Description": "LED desk lamp with USB charging port.",
    "AlsoBought1": "Monitor Stand",
    "AlsoBought2": "Surge Protector",
    "AlsoBought3": ""
  },
  {
    "ProductID": "83",
    "Product": "Tablet",
    "ProductCategory": "Electronics",
    "Price": "300",
    "Description": "10-inch Android tablet device.",
    "AlsoBought1": "Smartphone",
    "AlsoBought2": "Wireless Charger",
    "AlsoBought3": ""
  },
  {
    "ProductID": "84",
    "Product": "Smart Glasses",
    "ProductCategory": "Electronics",
    "Price": "400",
    "Description": "Augmented reality smart glasses.",
    "AlsoBought1": "Smartphone",
    "AlsoBought2": "VR Headset",
    "AlsoBought3": ""
  },
  {
    "ProductID": "85",
    "Product": "Raspberry Pi",
    "ProductCategory": "Electronics",
    "Price": "35",
    "Description": "Mini single-board computer.",
    "AlsoBought1": "Arduino Kit",
    "AlsoBought2": "HDMI Cable",
    "AlsoBought3": ""
  },
  {
    "ProductID": "86",
    "Product": "Arduino Kit",
    "ProductCategory": "Electronics",
    "Price": "70",
    "Description": "Microcontroller beginner kit.",
    "AlsoBought1": "Raspberry Pi",
    "AlsoBought2": "Python Handbook",
    "AlsoBought3": ""
  },
  {
    "ProductID": "87",
    "Product": "Gaming Keyboard",
    "ProductCategory": "Accessories",
    "Price": "120",
    "Description": "RGB mechanical gaming keyboard.",
    "AlsoBought1": "Gaming Mouse",
    "AlsoBought2": "Gaming Headset",
    "AlsoBought3": ""
  },
  {
    "ProductID": "88",
    "Product": "Gaming Mouse",
    "ProductCategory": "Accessories",
    "Price": "80",
    "Description": "High-DPI wired gaming mouse.",
    "AlsoBought1": "Gaming Keyboard",
    "AlsoBought2": "Gaming Headset",
    "AlsoBought3": ""
  },
  {
    "ProductID": "89",
    "Product": "Surface Laptop",
    "ProductCategory": "Electronics",
    "Price": "1000",
    "Description": "Slim and powerful Windows laptop.",
    "AlsoBought1": "Surface Book",
    "AlsoBought2": "Windows 11 Pro",
    "AlsoBought3": ""
  },
  {
    "ProductID": "90",
    "Product": "Surface Book",
    "ProductCategory": "Electronics",
    "Price": "1500",
    "Description": "High-performance 2-in-1 laptop.",
    "AlsoBought1": "Surface Laptop",
    "AlsoBought2": "Adobe Photoshop",
    "AlsoBought3": ""
  },
  {
    "ProductID": "91",
    "Product": "UltraWide Monitor",
    "ProductCategory": "Electronics",
    "Price": "500",
    "Description": "34-inch ultra-wide monitor display.",
    "AlsoBought1": "Monitor Stand",
    "AlsoBought2": "HDMI Cable",
    "AlsoBought3": ""
  },
  {
    "ProductID": "92",
    "Product": "4K Monitor",
    "ProductCategory": "Electronics",
    "Price": "400",
    "Description": "27-inch 4K UHD monitor display.",
    "AlsoBought1": "Monitor Stand",
    "AlsoBought2": "HDMI Cable",
    "AlsoBought3": ""
  },
  {
    "ProductID": "93",
    "Product": "Power Supply",
    "ProductCategory": "Hardware",
    "Price": "100",
    "Description": "650W PC power supply unit.",
    "AlsoBought1": "Motherboard",
    "AlsoBought2": "Graphics Card",
    "AlsoBought3": ""
  },
  {
    "ProductID": "94",
    "Product": "CPU",
    "ProductCategory": "Hardware",
    "Price": "300",
    "Description": "Latest-generation desktop processor.",
    "AlsoBought1": "Motherboard",
    "AlsoBought2": "RAM",
    "AlsoBought3": ""
  },
  {
    "ProductID": "95",
    "Product": "Motherboard",
    "ProductCategory": "Hardware",
    "Price": "250",
    "Description": "ATX motherboard for PC build.",
    "AlsoBought1": "CPU",
    "AlsoBought2": "RAM",
    "AlsoBought3": ""
  },
  {
    "ProductID": "96",
    "Product": "RAM",
    "ProductCategory": "Hardware",
    "Price": "150",
    "Description": "16GB DDR4 memory kit.",
    "AlsoBought1": "Motherboard",
    "AlsoBought2": "Graphics Card",
    "AlsoBought3": ""
  },
  {
    "ProductID": "97",
    "Product": "Gaming PC",
    "ProductCategory": "Electronics",
    "Price": "1500",
    "Description": "High-end gaming PC bundle.",
    "AlsoBought1": "Graphics Card",
    "AlsoBought2": "Gaming Keyboard",
    "AlsoBought3": ""
  },
  {
    "ProductID": "98",
    "Product": "Cloud Subscription",
    "ProductCategory": "Software",
    "Price": "100",
    "Description": "One-year cloud services subscription.",
    "AlsoBought1": "Office 365",
    "AlsoBought2": "Azure DevOps",
    "AlsoBought3": ""
  },
  {
    "ProductID": "99",
    "Product": "DevOps Toolkit",
    "ProductCategory": "Accessories",
    "Price": "50",
    "Description": "Set of DevOps stickers and guides.",
    "AlsoBought1": "Azure DevOps",
    "AlsoBought2": "GitHub Enterprise",
    "AlsoBought3": ""
  },
  {
    "ProductID": "100",
    "Product": "VR Gloves",
    "ProductCategory": "Electronics",
    "Price": "150",
    "Description": "Gloves for virtual reality interaction.",
    "AlsoBought1": "VR Headset",
    "AlsoBought2": "Gaming PC",
    "AlsoBought3": ""
  },
  {
    "ProductID": ""
  }
]